,Name,Tm,Pos,FV,ETA,Risk,Fantasy Value
0,Vladimir Guerrero Jr.,TOR,3B,70,2019,Med,70.0
1,Fernando Tatis Jr.,SDP,SS,65,2019,High,65.0
2,Eloy Jimenez,CHW,RF,65,2019,High,65.0
3,Victor Robles,WSN,CF,65,2019,Low,65.0
4,Royce Lewis,MIN,SS,60,2020,High,30.0
5,Wander Franco,TBR,SS,60,2021,High,20.0
6,Bo Bichette,TOR,SS,60,2019,High,60.0
7,Kyle Tucker,HOU,RF,60,2019,Med,60.0
8,Nick Senzel,CIN,3B,60,2019,Med,60.0
9,Carter Kieboom,WSN,SS,60,2020,Med,30.0
10,Brendan Rodgers,COL,SS,60,2019,Med,60.0
11,Forrest Whitley,HOU,RHP,60,2019,High,60.0
12,Taylor Trammell,CIN,CF,60,2021,Med,20.0
13,Brendan McKay,TBR,LHP/1B,60,2019,High,60.0
14,Alex Kirilloff,MIN,RF,60,2020,High,30.0
15,Sixto Sanchez,PHI,RHP,60,2020,High,30.0
16,Jo Adell,LAA,RF,60,2021,High,20.0
17,Cristian Pache,ATL,CF,60,2021,Med,20.0
18,Nick Madrigal,CHW,2B,60,2020,Low,30.0
19,MacKenzie Gore,SDP,LHP,55,2021,High,18.333333333333332
20,Luis Urias,SDP,2B,55,2019,Med,55.0
21,Keston Hiura,MIL,2B,55,2019,Med,55.0
22,Brent Honeywell,TBR,RHP,55,2019,High,55.0
23,Michael Kopech,CHW,RHP,55,2019,High,55.0
24,Michael Soroka,ATL,RHP,55,2019,Med,55.0
25,Francisco Mejia,SDP,C,55,2019,High,55.0
26,Luis Robert,CHW,CF,55,2020,High,27.5
27,Austin Riley,ATL,3B,55,2019,Med,55.0
28,Will Smith,LAD,C,55,2019,Med,55.0
29,Andres Gimenez,NYM,SS,55,2020,Med,27.5
30,Jesus Luzardo,OAK,LHP,55,2019,Med,55.0
31,Kyle Wright,ATL,RHP,55,2020,Med,27.5
32,Casey Mize,DET,RHP,55,2019,Med,55.0
33,Ke'Bryan Hayes,PIT,3B,55,2020,Med,27.5
34,Chris Paddack,SDP,RHP,55,2019,High,55.0
35,Keibert Ruiz,LAD,C,55,2020,High,27.5
36,Alex Reyes,STL,RHP,55,2019,Med,55.0
37,Mitch Keller,PIT,RHP,55,2019,Med,55.0
38,A.J. Puk,OAK,LHP,55,2019,High,55.0
39,Ian Anderson,ATL,RHP,55,2020,High,27.5
40,Adonis Medina,PHI,RHP,55,2020,Med,27.5
41,Daz Cameron,DET,CF,55,2020,Med,27.5
42,Isaac Paredes,DET,3B,55,2021,Med,18.333333333333332
43,Luiz Gohara,ATL,LHP,55,2019,High,55.0
44,Leody Taveras,TEX,CF,55,2020,Med,27.5
45,Hunter Greene,CIN,RHP,50,2021,High,16.666666666666668
46,Jesus Sanchez,TBR,RF,50,2020,High,25.0
47,Yordan Alvarez,HOU,LF,50,2020,Med,25.0
48,Alex Verdugo,LAD,RF,50,2019,Med,50.0
49,Joey Bart,SFG,C,50,2020,Med,25.0
50,Vidal Brujan,TBR,2B,50,2021,Med,16.666666666666668
51,Sean Murphy,OAK,C,50,2019,High,50.0
52,Danny Jansen,TOR,C,50,2019,Med,50.0
53,Justus Sheffield,NYY,LHP,50,2019,Med,50.0
54,Triston McKenzie,CLE,RHP,50,2020,Med,25.0
55,Drew Waters,ATL,CF,50,2021,High,16.666666666666668
56,Touki Toussaint,ATL,RHP,50,2019,High,50.0
57,Brandon Marsh,LAA,CF,50,2020,Med,25.0
58,Luis Patino,SDP,RHP,50,2023,High,10.0
59,Nick Gordon,MIN,SS,50,2019,Med,50.0
60,Travis Swaggerty,PIT,CF,50,2021,High,16.666666666666668
61,Michel Baez,SDP,RHP,50,2020,High,25.0
62,Monte Harrison,MIA,CF,50,2020,High,25.0
63,Estevan Florial,NYY,CF,50,2020,High,25.0
64,Yu Chang,CLE,SS,50,2019,Med,50.0
65,Zack Collins,CHW,1B,50,2019,High,50.0
66,Peter Alonso,NYM,1B,50,2019,Med,50.0
67,Tristen Lutz,MIL,RF,50,2021,High,16.666666666666668
68,Alec Bohm,PHI,3B,50,2021,High,16.666666666666668
69,Brandon Lowe,TBR,2B,50,2019,Med,50.0
70,Shed Long,CIN,2B,50,2019,Med,50.0
71,Isan Diaz,MIA,2B,50,2019,Med,50.0
72,Andrew Knizner,STL,C,50,2019,Med,50.0
73,Anderson Espinoza,SDP,RHP,50,2020,High,25.0
74,Jahmai Jones,LAA,2B,50,2021,Med,16.666666666666668
75,Cole Tucker,PIT,SS,50,2020,High,25.0
76,Jon Duplantier,ARI,RHP,50,2019,High,50.0
77,Oneil Cruz,PIT,3B,50,2021,High,16.666666666666668
78,Bryse Wilson,ATL,RHP,50,2020,High,25.0
79,Nolan Jones,CLE,3B,50,2021,Med,16.666666666666668
80,Willie Calhoun,TEX,DH,50,2019,Low,50.0
81,Seuly Matias,KCR,RF,50,2022,High,12.5
82,Luis Alexander Basabe,CHW,CF,50,2019,High,50.0
83,Nolan Gorman,STL,3B,50,2021,Med,16.666666666666668
84,Jarred Kelenic,NYM,CF,50,2021,Med,16.666666666666668
85,Brayan Rocchio,CLE,SS,50,2022,High,12.5
86,Micker Adolfo,CHW,RF,50,2021,High,16.666666666666668
87,Jonathan India,CIN,3B,50,2020,Low,25.0
88,Corey Ray,MIL,CF,50,2019,Med,50.0
89,Griffin Canning,LAA,RHP,50,2019,Med,50.0
90,Trevor Larnach,MIN,RF,50,2020,Med,25.0
91,Ronny Mauricio,NYM,SS,50,2023,High,10.0
92,Bubba Thompson,TEX,CF,50,2022,High,12.5
93,Kristian Robinson,ARI,CF,50,2023,High,10.0
94,Dylan Cease,CHW,RHP,50,2019,High,50.0
95,Dane Dunning,CHW,RHP,50,2019,Med,50.0
96,Miguel Amaya,CHC,C,50,2022,High,12.5
97,Brusdar Graterol,MIN,RHP,50,2021,High,16.666666666666668
98,Nate Pearson,TOR,RHP,50,2020,High,25.0
99,Matthew Liberatore,TBR,LHP,50,2022,High,12.5
100,Cole Winn,TEX,RHP,50,2021,Med,16.666666666666668
101,Cionel Perez,HOU,LHP,50,2019,High,50.0
102,Kolby Allard,ATL,LHP,50,2019,Med,50.0
103,Dennis Santana,LAD,RHP,50,2019,Med,50.0
104,Heliot Ramos,SFG,CF,50,2023,High,10.0
105,Dustin May,LAD,RHP,50,2020,High,25.0
106,Aramis Ademan,CHC,SS,50,2020,Med,25.0
107,Adrian Morejon,SDP,LHP,50,2020,High,25.0
108,Shane Baz,TBR,RHP,50,2022,High,12.5
109,Matt Manning,DET,RHP,50,2022,High,12.5
110,Josh Naylor,SDP,1B,50,2020,High,25.0
111,Joey Wentz,ATL,LHP,50,2020,High,25.0
112,Franklin Perez,DET,RHP,50,2021,High,16.666666666666668
113,William Contreras,ATL,C,50,2021,High,16.666666666666668
114,Albert Abreu,NYY,RHP,50,2019,High,50.0
115,Zack Burdi,CHW,RHP,50,2019,High,50.0
116,Christin Stewart,DET,DH,50,2019,Med,50.0
117,Jose Siri,CIN,CF,50,2020,High,25.0
118,Braxton Garrett,MIA,LHP,50,2021,High,16.666666666666668
119,Cole Ragans,TEX,LHP,50,2021,High,16.666666666666668
120,Nick Neidert,MIA,RHP,50,2019,Low,50.0
121,Logan Allen,SDP,LHP,50,2020,Med,25.0
122,Anthony Alford,TOR,CF,50,2019,High,50.0
123,Riley Pint,COL,RHP,50,2021,High,16.666666666666668
124,David Peterson,NYM,LHP,50,2019,Med,50.0
125,Cal Quantrill,SDP,RHP,50,2019,Med,50.0
126,Sandy Alcantara,MIA,RHP,50,2019,High,50.0
127,Adbert Alzolay,CHC,RHP,50,2019,High,50.0
128,Beau Burrows,DET,RHP,50,2019,Med,50.0
129,Alec Hansen,CHW,RHP,50,2020,High,25.0
130,Anthony Banda,TBR,LHP,50,2019,Med,50.0
131,Jonathan Loaisiga,NYY,RHP,45,2019,High,45.0
132,Akil Baddoo,MIN,CF,45,2021,High,15.0
133,Luis Medina,NYY,RHP,45,2022,High,11.25
134,Jay Groome,BOS,LHP,45,2021,High,15.0
135,Jeter Downs,CIN,SS,45,2021,Med,15.0
136,George Valera,CLE,LF,45,2021,Med,15.0
137,Tyler Stephenson,CIN,C,45,2020,High,22.5
138,Oscar Mercado,CLE,CF,45,2019,Med,45.0
139,Tony Santillan,CIN,RHP,45,2020,High,22.5
140,Luis Oviedo,CLE,RHP,45,2022,High,11.25
141,Victor Victor Mesa,MIA,CF,45,2020,Med,22.5
142,Jorge Guzman,MIA,RHP,45,2021,High,15.0
143,Yusniel Diaz,BAL,RF,45,2019,Med,45.0
144,Ryan Mountcastle,BAL,LF,45,2019,High,45.0
145,DL Hall,BAL,LHP,45,2020,High,22.5
146,Brett Cumberland,BAL,C,45,2019,High,45.0
147,MJ Melendez,KCR,C,45,2022,High,11.25
148,Khalil Lee,KCR,RF,45,2020,Med,22.5
149,Brady Singer,KCR,RHP,45,2020,Low,22.5
150,Mason Denaburg,WSN,RHP,45,2022,High,11.25
151,Jazz Chisholm,ARI,SS,45,2022,High,11.25
152,Daulton Varsho,ARI,C,45,2021,High,15.0
153,Nick Solak,TBR,2B,45,2020,Med,22.5
154,Justin Dunn,NYM,RHP,45,2019,High,45.0
155,Josh Lowe,TBR,CF,45,2021,High,15.0
156,Mark Vientos,NYM,3B,45,2022,High,11.25
157,Franklyn Kilome,NYM,RHP,45,2019,High,45.0
158,Adam Haseley,PHI,CF,45,2019,Med,45.0
159,JoJo Romero,PHI,LHP,45,2019,Med,45.0
160,Tirso Ornelas,SDP,LF,45,2021,Med,15.0
161,Hudson Potts,SDP,3B,45,2020,Med,22.5
162,Ryan Weathers,SDP,LHP,45,2021,Med,15.0
163,Yadier Alvarez,LAD,RHP,45,2020,High,22.5
164,DJ Peters,LAD,RF,45,2020,High,22.5
165,Corbin Martin,HOU,RHP,45,2019,Med,45.0
166,Jorge Mateo,OAK,CF,45,2019,High,45.0
167,Stephen Gonsalves,MIN,LHP,45,2019,Med,45.0
168,Wander Javier,MIN,SS,45,2022,High,11.25
169,Anthony Seigler,NYY,C,45,2022,High,11.25
170,Travis Blankenhorn,MIN,2B,45,2020,Med,22.5
171,Clarke Schmidt,NYY,RHP,45,2020,High,22.5
172,Brent Rooker,MIN,1B,45,2019,High,45.0
173,Thairo Estrada,NYY,SS,45,2019,Low,45.0
174,LaMonte Wade,MIN,LF,45,2019,Low,45.0
175,Nick Green,NYY,RHP,45,2019,Med,45.0
176,Jose Miranda,MIN,2B,45,2022,Med,11.25
177,Yunior Severino,MIN,2B,45,2023,High,9.0
178,Kevin Kramer,PIT,2B,45,2019,Med,45.0
179,Lolo Sanchez,PIT,CF,45,2021,Med,15.0
180,Luis Escobar,PIT,RHP,45,2021,High,15.0
181,Kevin Newman,PIT,SS,45,2019,Low,45.0
182,Steven Jennings,PIT,RHP,45,2021,High,15.0
183,Greyson Jenista,ATL,RF,45,2021,High,15.0
184,Kyle Muller,ATL,LHP,45,2021,High,15.0
185,Michael Chavis,BOS,1B,45,2019,Med,45.0
186,Triston Casas,BOS,1B,45,2022,Med,11.25
187,Tanner Houck,BOS,RHP,45,2019,High,45.0
188,Sam Travis,BOS,1B,45,2019,Low,45.0
189,Bryan Mata,BOS,RHP,45,2021,High,15.0
190,Darwinzon Hernandez,BOS,LHP,45,2021,High,15.0
191,Jose Garcia,CIN,SS,45,2021,High,15.0
192,Bo Naylor,CLE,C,45,2022,Med,11.25
193,Vladimir Gutierrez,CIN,RHP,45,2019,Med,45.0
194,Bobby Bradley,CLE,1B,45,2019,Med,45.0
195,Keury Mella,CIN,RHP,45,2019,Med,45.0
196,Lenny Torres,CLE,RHP,45,2023,High,9.0
197,TJ Friedl,CIN,CF,45,2019,Med,45.0
198,Will Benson,CLE,RF,45,2022,High,11.25
199,Tanner Rainey,CIN,RHP,45,2019,Med,45.0
200,Carlos Vargas,CLE,RHP,45,2023,High,9.0
201,Stuart Fairchild,CIN,CF,45,2020,Med,22.5
202,Ethan Hankins,CLE,RHP,45,2023,High,9.0
203,Mike Siani,CIN,CF,45,2022,Med,11.25
204,Connor Scott,MIA,CF,45,2023,High,9.0
205,James Nelson,MIA,3B,45,2021,Med,15.0
206,Jose Devers,MIA,SS,45,2022,High,11.25
207,Thomas Jones,MIA,CF,45,2022,High,11.25
208,Trevor Rogers,MIA,LHP,45,2021,High,15.0
209,Edward Cabrera,MIA,RHP,45,2021,High,15.0
210,Austin Hays,BAL,RF,45,2019,High,45.0
211,Grayson Rodriguez,BAL,RHP,45,2023,High,9.0
212,Luis Ortiz,BAL,RHP,45,2019,Med,45.0
213,Hunter Harvey,BAL,RHP,45,2019,High,45.0
214,Marco Luciano,SFG,SS,45,2023,High,9.0
215,Shaun Anderson,SFG,RHP,45,2020,Med,22.5
216,Alexander Canario,SFG,RF,45,2023,High,9.0
217,Chris Shaw,SFG,1B,45,2019,Med,45.0
218,Nick Pratto,KCR,1B,45,2021,High,15.0
219,Daniel Lynch,KCR,LHP,45,2021,Med,15.0
220,Nicky Lopez,KCR,SS,45,2019,Low,45.0
221,Jackson Kowar,KCR,RHP,45,2021,Med,15.0
222,Wil Crowe,WSN,RHP,45,2020,Med,22.5
223,Daniel Johnson,WSN,CF,45,2020,High,22.5
224,Luis Garcia,WSN,SS,45,2022,Med,11.25
225,Pavin Smith,ARI,1B,45,2020,Med,22.5
226,Alek Thomas,ARI,CF,45,2022,Med,11.25
227,Joe McCarthy,TBR,LF,45,2019,Low,45.0
228,Ronaldo Hernandez,TBR,C,45,2022,High,11.25
229,Desmond Lindsay,NYM,RF,45,2020,High,22.5
230,Nick Schnell,TBR,CF,45,2022,High,11.25
231,Nathaniel Lowe,TBR,1B,45,2019,High,45.0
232,Resly Linares,TBR,LHP,45,2021,High,15.0
233,Lucius Fox,TBR,SS,45,2021,High,15.0
234,Shane McClanahan,TBR,LHP,45,2020,High,22.5
235,Tobias Myers,TBR,RHP,45,2022,High,11.25
236,Jordyn Adams,LAA,CF,45,2023,High,9.0
237,Garrett Whitley,TBR,CF,45,2021,High,15.0
238,Jose Suarez,LAA,LHP,45,2019,Med,45.0
239,Jose De Leon,TBR,RHP,45,2019,High,45.0
240,Jeremiah Jackson,LAA,3B,45,2022,High,11.25
241,Luis Rengifo,LAA,2B,45,2019,Med,45.0
242,Matt Thaiss,LAA,1B,45,2019,Med,45.0
243,Jose Soriano,LAA,RHP,45,2022,High,11.25
244,Chris Rodriguez,LAA,RHP,45,2021,High,15.0
245,Jhailyn Ortiz,PHI,1B,45,2021,High,15.0
246,Enyel De Los Santos,PHI,RHP,45,2019,Med,45.0
247,Kyle Lewis,SEA,RF,45,2020,High,22.5
248,Spencer Howard,PHI,RHP,45,2020,High,22.5
249,Evan White,SEA,1B,45,2020,Med,22.5
250,Daniel Brito,PHI,2B,45,2020,High,22.5
251,Logan Gilbert,SEA,RHP,45,2020,Med,22.5
252,Julio Rodriguez,SEA,RF,45,2022,High,11.25
253,Xavier Edwards,SDP,2B,45,2022,Med,11.25
254,Gabriel Arias,SDP,SS,45,2021,High,15.0
255,Esteury Ruiz,SDP,2B,45,2022,High,11.25
256,Jordan Groshans,TOR,3B,45,2022,High,11.25
257,Jeisson Rosario,SDP,CF,45,2022,Med,11.25
258,T.J. Zeuch,TOR,RHP,45,2019,Med,45.0
259,Reggie Lawson,SDP,RHP,45,2021,High,15.0
260,Logan Warmoth,TOR,SS,45,2020,Med,22.5
261,Edward Olivares,SDP,CF,45,2021,High,15.0
262,Adam Kloffenstein,TOR,RHP,45,2022,High,11.25
263,Kevin Smith,TOR,SS,45,2020,Med,22.5
264,Forrest Wall,TOR,CF,45,2019,Med,45.0
265,Hector Perez,TOR,RHP,45,2020,High,22.5
266,Taylor Hearn,TEX,LHP,45,2019,High,45.0
267,Pedro Gonzalez,TEX,CF,45,2022,High,11.25
268,Julio Pablo Martinez,TEX,CF,45,2021,Med,15.0
269,Hans Crouse,TEX,RHP,45,2021,High,15.0
270,Dakota Hudson,STL,RHP,45,2019,Med,45.0
271,Edmundo Sosa,STL,SS,45,2019,Low,45.0
272,Adolis Garcia,STL,CF,45,2019,High,45.0
273,Justin Williams,STL,LF,45,2019,Med,45.0
274,Ryan Helsley,STL,RHP,45,2019,Med,45.0
275,Conner Greene,STL,RHP,45,2019,Med,45.0
276,Gavin Lux,LAD,SS,45,2021,High,15.0
277,Jordan Sheffield,LAD,RHP,45,2019,High,45.0
278,Mitchell White,LAD,RHP,45,2019,High,45.0
279,Jeren Kendall,LAD,CF,45,2021,High,15.0
280,Blake Rutherford,CHW,LF,45,2020,High,22.5
281,Jake Burger,CHW,3B,45,2021,High,15.0
282,Nico Hoerner,CHC,2B,45,2020,Low,22.5
283,Brendon Little,CHC,LHP,45,2020,High,22.5
284,Alex Lange,CHC,RHP,45,2020,High,22.5
285,Jeremiah Estrada,CHC,RHP,45,2021,High,15.0
286,Freudis Nova,HOU,SS,45,2022,High,11.25
287,Jose Albertos,CHC,RHP,45,2022,High,11.25
288,J.B. Bukauskas,HOU,RHP,45,2019,High,45.0
289,Oscar De La Cruz,CHC,RHP,45,2020,High,22.5
290,Garrett Hampson,COL,2B,45,2019,Med,45.0
291,Colton Welker,COL,3B,45,2021,Med,15.0
292,Ryan Vilade,COL,3B,45,2022,High,11.25
293,Jake Rogers,DET,C,45,2020,High,22.5
294,Yency Almonte,COL,RHP,45,2019,Med,45.0
295,Mike Gerber,DET,RF,45,2019,Low,45.0
296,Tyler Nevin,COL,3B,45,2021,Med,15.0
297,Sergio Alcantara,DET,SS,45,2019,Med,45.0
298,Peter Lambert,COL,RHP,45,2019,Med,45.0
299,Willi Castro,DET,SS,45,2020,Med,22.5
300,Ryan Rolison,COL,LHP,45,2021,High,15.0
301,Dawel Lugo,DET,2B,45,2019,Med,45.0
302,Grant Lavigne,COL,1B,45,2022,Med,11.25
303,Wenceel Perez,DET,SS,45,2023,High,9.0
304,Kyle Funkhouser,DET,RHP,45,2019,High,45.0
305,Alex Faedo,DET,RHP,45,2020,Med,22.5
306,Bryan Garcia,DET,RHP,45,2020,Med,22.5
307,Derek Hill,DET,CF,45,2021,High,15.0
308,Brice Turang,MIL,SS,45,2022,High,11.25
309,Lucas Erceg,MIL,3B,45,2020,High,22.5
310,Trent Grisham,MIL,LF,45,2021,High,15.0
311,Mauricio Dubon,MIL,SS,45,2019,Med,45.0
312,Kyler Murray,OAK,CF,45,2021,High,15.0
313,Lazaro Armenteros,OAK,LF,45,2021,High,15.0
314,Austin Beck,OAK,CF,45,2021,High,15.0
315,Sheldon Neuse,OAK,3B,45,2019,Med,45.0
316,James Kaprielian,OAK,RHP,45,2019,High,45.0
317,Jeremy Eierman,OAK,3B,45,2021,Med,15.0
318,Nick Allen,OAK,SS,45,2022,Med,11.25
319,Daulton Jefferies,OAK,RHP,45,2020,High,22.5
320,Grant Holmes,OAK,RHP,45,2019,High,45.0
321,Deivi Garcia,NYY,RHP,40,2021,High,13.333333333333334
322,Roansy Contreras,NYY,RHP,40,2022,High,10.0
323,Gilberto Celestino,MIN,CF,40,2021,Med,13.333333333333334
324,Everson Pereira,NYY,CF,40,2023,High,8.0
325,Jhoan Duran,MIN,RHP,40,2022,High,10.0
326,Ezequiel Duran,NYY,2B,40,2022,High,10.0
327,Kevin Alcantara,NYY,CF,40,2024,High,6.666666666666667
328,Osiel Rodriguez,NYY,RHP,40,2022,High,10.0
329,Freicer Perez,NYY,RHP,40,2021,High,13.333333333333334
330,Calvin Mitchell,PIT,LF,40,2021,High,13.333333333333334
331,Nick Decker,BOS,RF,40,2023,Med,8.0
332,Junior Sanquintin,CLE,SS,40,2023,Med,8.0
333,Gabriel Rodriguez,CLE,SS,40,2023,Med,8.0
334,Jean Carlos Encarnacion,BAL,3B,40,2021,High,13.333333333333334
335,Zac Lowther,BAL,LHP,40,2019,High,40.0
336,Dillon Tate,BAL,RHP,40,2019,High,40.0
337,Blaine Knight,BAL,RHP,40,2021,Med,13.333333333333334
338,Ryan McKenna,BAL,CF,40,2020,Med,20.0
339,Sean Hjelle,SFG,RHP,40,2021,Med,13.333333333333334
340,Gregory Santos,SFG,RHP,40,2021,High,13.333333333333334
341,Garrett Williams,SFG,LHP,40,2019,High,40.0
342,Kyle Isbel,KCR,RF,40,2021,Med,13.333333333333334
343,Kris Bubic,KCR,LHP,40,2021,Med,13.333333333333334
344,Seth Romero,WSN,LHP,40,2019,High,40.0
345,Drew Ellis,ARI,3B,40,2021,Med,13.333333333333334
346,Jake McCarthy,ARI,CF,40,2021,High,13.333333333333334
347,Anthony Kay,NYM,LHP,40,2021,High,13.333333333333334
348,Thomas Szapucki,NYM,LHP,40,2021,High,13.333333333333334
349,Francisco Alvarez,NYM,C,40,2023,Med,8.0
350,Colin Poche,TBR,LHP,40,2019,Med,40.0
351,Tanner Dodson,TBR,RHP,40,2021,Med,13.333333333333334
352,Trent Deveaux,LAA,CF,40,2023,High,8.0
353,Kevin Maitan,LAA,3B,40,2022,High,10.0
354,Arquimedes Gamboa,PHI,SS,40,2021,High,13.333333333333334
355,Luis Garcia,PHI,SS,40,2023,High,8.0
356,Noelvi Marte,SEA,SS,40,2023,Med,8.0
357,Francisco Morales,PHI,RHP,40,2022,High,10.0
358,Sam Carlson,SEA,RHP,40,2022,High,10.0
359,Ranger Suarez,PHI,LHP,40,2019,Med,40.0
360,Mickey Moniak,PHI,CF,40,2021,Med,13.333333333333334
361,Mauricio Llovera,PHI,RHP,40,2020,Med,20.0
362,Pedro Avila,SDP,RHP,40,2021,Med,13.333333333333334
363,Luis Campusano,SDP,C,40,2022,High,10.0
364,Jacob Nix,SDP,RHP,40,2019,High,40.0
365,Buddy Reed,SDP,CF,40,2019,High,40.0
366,Billy McKinney,TOR,LF,40,2019,Low,40.0
367,Cavan Biggio,TOR,2B,40,2019,Med,40.0
368,Griffin Conine,TOR,RF,40,2020,High,20.0
369,Anderson Tejeda,TEX,SS,40,2021,High,13.333333333333334
370,Jonathan Ornelas,TEX,SS,40,2022,Med,10.0
371,Joe Palumbo,TEX,LHP,40,2019,High,40.0
372,Sherten Apostel,TEX,3B,40,2022,High,10.0
373,Owen White,TEX,RHP,40,2022,High,10.0
374,Yohander Mendez,TEX,LHP,40,2019,High,40.0
375,Wadye Ynfante,STL,CF,40,2021,High,13.333333333333334
376,Edwin Rios,LAD,1B,40,2019,High,40.0
377,Starling Heredia,LAD,CF,40,2022,High,10.0
378,Luis Gonzalez,CHW,RF,40,2020,Med,20.0
379,Diego Cartaya,LAD,C,40,2023,High,8.0
380,Konnor Pilkington,CHW,LHP,40,2021,High,13.333333333333334
381,Connor Wong,LAD,C,40,2020,High,20.0
382,Steele Walker,CHW,LF,40,2022,Med,10.0
383,Tony Gonsolin,LAD,RHP,40,2019,Low,40.0
384,Garrett Stubbs,HOU,C,40,2019,Med,40.0
385,Richard Gallardo,CHC,RHP,40,2023,High,8.0
386,Jonathan Arauz,HOU,SS,40,2021,High,13.333333333333334
387,Rogelio Armenteros,HOU,RHP,40,2019,Low,40.0
388,Abraham Toro-Hernandez,HOU,3B,40,2021,Med,13.333333333333334
389,Jairo Solis,HOU,RHP,40,2022,High,10.0
390,Tyler Ivey,HOU,RHP,40,2020,High,20.0
391,Joshua James,HOU,RHP,40,2019,High,40.0
392,Ryan Castellani,COL,RHP,40,2020,High,20.0
393,Parker Meadows,DET,CF,40,2022,High,10.0
394,Elvin Rodriguez,DET,RHP,40,2021,Med,13.333333333333334
395,Gregory Soto,DET,LHP,40,2021,High,13.333333333333334
396,Anthony Castro,DET,RHP,40,2020,Med,20.0
397,Greg Deichmann,OAK,RF,40,2020,Med,20.0
398,Marcos Brito,OAK,2B,40,2022,High,10.0
399,Alexander Campos,OAK,SS,40,2023,Med,8.0
400,Kevin Merrell,OAK,2B,40,2021,High,13.333333333333334
401,Lawrence Butler,OAK,RF,40,2023,High,8.0
402,Dalton Sawyer,OAK,LHP,40,2019,Med,40.0
403,Miguel Romero,OAK,RHP,40,2019,Low,40.0
404,Hogan Harris,OAK,LHP,40,2020,High,20.0
405,Kyle Finnegan,OAK,RHP,40,2019,Low,40.0
406,Blayne Enlow,MIN,RHP,40,2022,High,10.0
407,Wyatt Marks,OAK,RHP,40,2019,Med,40.0
408,Ryan Jeffers,MIN,C,40,2021,Med,13.333333333333334
409,Cole Sands,MIN,RHP,40,2021,High,13.333333333333334
410,DaShawn Keirsey,MIN,CF,40,2022,High,10.0
411,Antonio Cabello,NYY,CF,40,2023,High,8.0
412,Luis Rijo,MIN,RHP,40,2022,High,10.0
413,Trevor Stephan,NYY,RHP,40,2019,Med,40.0
414,Gabriel Maciel,MIN,CF,40,2022,Med,10.0
415,Matt Sauer,NYY,RHP,40,2021,High,13.333333333333334
416,Jaylin Davis,MIN,RF,40,2020,Med,20.0
417,Ryder Green,NYY,RF,40,2023,High,8.0
418,Lewin Diaz,MIN,1B,40,2021,High,13.333333333333334
419,Domingo Acevedo,NYY,RHP,40,2019,High,40.0
420,Lewis Thorpe,MIN,LHP,40,2019,Med,40.0
421,Josh Breaux,NYY,C,40,2021,High,13.333333333333334
422,Zack Littell,MIN,RHP,40,2019,Low,40.0
423,Chance Adams,NYY,RHP,40,2019,Med,40.0
424,Tyler Jay,MIN,LHP,40,2019,High,40.0
425,Travis MacGregor,PIT,RHP,40,2021,High,13.333333333333334
426,Garrett Whitlock,NYY,RHP,40,2020,Med,20.0
427,Devin Smeltzer,MIN,LHP,40,2019,Low,40.0
428,Jared Oliva,PIT,CF,40,2021,High,13.333333333333334
429,Alexander Vargas,NYY,SS,40,2024,High,6.666666666666667
430,Jorge Alcala,MIN,RHP,40,2020,Med,20.0
431,Stephen Alemais,PIT,SS,40,2020,Med,20.0
432,Oswaldo Cabrera,NYY,2B,40,2021,Med,13.333333333333334
433,Luis Arraez,MIN,2B,40,2019,Med,40.0
434,Jason Martin,PIT,RF,40,2019,Med,40.0
435,Nolan Martinez,NYY,RHP,40,2022,High,10.0
436,Charles Mack,MIN,2B,40,2023,Med,8.0
437,Bryan Reynolds,PIT,LF,40,2020,High,20.0
438,Raimfer Salinas,NYY,CF,40,2023,High,8.0
439,Ryan Costello,MIN,1B,40,2020,Med,20.0
440,Braxton Ashcraft,PIT,RHP,40,2022,High,10.0
441,Dermis Garcia,NYY,1B/RHP,40,2021,High,13.333333333333334
442,Landon Leach,MIN,RHP,40,2023,High,8.0
443,Conner Uselton,PIT,RF,40,2022,High,10.0
444,Antonio Gomez,NYY,C,40,2024,High,6.666666666666667
445,Andrew Bechtold,MIN,3B,40,2021,Med,13.333333333333334
446,Will Craig,PIT,1B,40,2019,Med,40.0
447,Ronny Rojas,NYY,2B,40,2022,High,10.0
448,Misael Urbina,MIN,CF,40,2023,Med,8.0
449,Nick Burdi,PIT,RHP,40,2019,High,40.0
450,Ryley Widell,MIN,LHP,40,2022,Med,10.0
451,Braeden Ogle,PIT,LHP,40,2022,High,10.0
452,Zack Granite,MIN,CF,40,2019,Low,40.0
453,Ji-Hwan Bae,PIT,SS,40,2022,High,10.0
454,Alex Robinson,MIN,LHP,40,2019,High,40.0
455,Alex Jackson,ATL,C,40,2020,High,20.0
456,J.T. Brubaker,PIT,RHP,40,2019,Med,40.0
457,Tucker Davidson,ATL,LHP,40,2021,High,13.333333333333334
458,Clay Holmes,PIT,RHP,40,2019,Med,40.0
459,Tristan Beck,ATL,RHP,40,2021,High,13.333333333333334
460,Josh Graham,ATL,RHP,40,2019,Low,40.0
461,Jacob Lindgren,ATL,LHP,40,2019,High,40.0
462,Patrick Weigel,ATL,RHP,40,2019,High,40.0
463,Freddy Tarnok,ATL,RHP,40,2022,High,10.0
464,Huascar Ynoa,ATL,RHP,40,2021,High,13.333333333333334
465,Trey Riley,ATL,RHP,40,2022,High,10.0
466,Ricardo Sanchez,ATL,LHP,40,2020,High,20.0
467,Adam McCreery,ATL,LHP,40,2019,Low,40.0
468,Drew Lugbauer,ATL,C,40,2020,Med,20.0
469,Jasseel De La Cruz,ATL,RHP,40,2021,High,13.333333333333334
470,Daniel Diaz,BOS,3B,40,2023,High,8.0
471,Mike Shawaryn,BOS,RHP,40,2019,Med,40.0
472,Josh Ockimey,BOS,1B,40,2020,High,20.0
473,Bobby Dalbec,BOS,3B,40,2020,High,20.0
474,Cole Brannen,BOS,CF,40,2022,High,10.0
475,C.J. Chatham,BOS,SS,40,2020,High,20.0
476,Durbin Feltman,BOS,RHP,40,2019,Med,40.0
477,Jhonathan Diaz,BOS,LHP,40,2019,Med,40.0
478,Lyon Richardson,CIN,RHP,40,2022,High,10.0
479,Alex Scherff,BOS,RHP,40,2022,High,10.0
480,Jimmy Herget,CIN,RHP,40,2019,Low,40.0
481,Joan Martinez,BOS,RHP,40,2021,High,13.333333333333334
482,Eli Morgan,CLE,RHP,40,2020,Med,20.0
483,Jose Lopez,CIN,RHP,40,2019,Low,40.0
484,Roniel Raudes,BOS,RHP,40,2020,High,20.0
485,Richard Palacios,CLE,2B,40,2021,Med,13.333333333333334
486,Josiah Gray,CIN,RHP,40,2021,High,13.333333333333334
487,Bobby Poyner,BOS,LHP,40,2019,Med,40.0
488,Tyler Freeman,CLE,SS,40,2022,Med,10.0
489,Jacob Heatherly,CIN,LHP,40,2021,Med,13.333333333333334
490,Aaron Bracho,CLE,SS,40,2023,High,8.0
491,Miguel Hernandez,CIN,SS,40,2023,High,8.0
492,Eric Haase,CLE,C,40,2019,Med,40.0
493,Bren Spillane,CIN,1B,40,2021,Med,13.333333333333334
494,Aaron Civale,CLE,RHP,40,2020,Low,20.0
495,Sam Hentges,CLE,LHP,40,2021,High,13.333333333333334
496,Nick Sandlin,CLE,RHP,40,2020,High,20.0
497,Quentin Holmes,CLE,CF,40,2023,High,8.0
498,Logan Ice,CLE,C,40,2021,Med,13.333333333333334
499,Zac Gallen,MIA,RHP,40,2019,Low,40.0
500,Tahnaj Thomas,CLE,RHP,40,2023,High,8.0
501,Joe Dunand,MIA,3B,40,2021,High,13.333333333333334
502,Ignacio Feliz,CLE,RHP,40,2023,High,8.0
503,Osiris Johnson,MIA,CF,40,2023,High,8.0
504,Sam Haggerty,CLE,2B,40,2020,Med,20.0
505,Brian Miller,MIA,CF,40,2020,Med,20.0
506,Will Banfield,MIA,C,40,2023,High,8.0
507,Christopher Torres,MIA,SS,40,2021,High,13.333333333333334
508,Jordan Yamamoto,MIA,RHP,40,2020,Med,20.0
509,Colton Hock,MIA,RHP,40,2020,Med,20.0
510,Garrett Cooper,MIA,1B,40,2019,Med,40.0
511,Tristan Pompey,MIA,LF,40,2021,High,13.333333333333334
512,Robert Dugger,MIA,RHP,40,2020,Med,20.0
513,Brayan Hernandez,MIA,CF,40,2021,High,13.333333333333334
514,Braxton Lee,MIA,CF,40,2019,Med,40.0
515,Jean Carmona,BAL,SS,40,2022,High,10.0
516,Jordan Holloway,MIA,RHP,40,2020,Med,20.0
517,Matthias Dietz,BAL,RHP,40,2020,Med,20.0
518,Brenan Hanifee,BAL,RHP,40,2021,High,13.333333333333334
519,Dean Kremer,BAL,RHP,40,2019,Med,40.0
520,Cadyn Grenier,BAL,SS,40,2020,Med,20.0
521,D.J. Stewart,BAL,LF,40,2019,Med,40.0
522,Jacob Gonzalez,SFG,3B,40,2023,High,8.0
523,Cody Carroll,BAL,RHP,40,2019,Med,40.0
524,Tyler Beede,SFG,RHP,40,2019,Med,40.0
525,Keegan Akin,BAL,LHP,40,2020,Med,20.0
526,C.J. Hinojosa,SFG,3B,40,2019,Low,40.0
527,Luis Gonzalez,BAL,LHP,40,2019,Low,40.0
528,Manuel Geraldo,SFG,SS,40,2020,Low,20.0
529,Lamar Sparks,BAL,CF,40,2022,High,10.0
530,Jake Wong,SFG,RHP,40,2022,Med,10.0
531,Gray Fenter,BAL,RHP,40,2021,High,13.333333333333334
532,Aramis Garcia,SFG,C,40,2019,Low,40.0
533,Michael Baumann,BAL,RHP,40,2021,Med,13.333333333333334
534,Michael Gigliotti,KCR,CF,40,2021,Med,13.333333333333334
535,Ray Black,SFG,RHP,40,2019,High,40.0
536,Evan Phillips,BAL,RHP,40,2019,Med,40.0
537,Kelvin Gutierrez,KCR,3B,40,2019,Low,40.0
538,Logan Webb,SFG,RHP,40,2020,High,20.0
539,Zach Pop,BAL,RHP,40,2019,High,40.0
540,Blake Perkins,KCR,CF,40,2020,Med,20.0
541,Camilo Doval,SFG,RHP,40,2021,High,13.333333333333334
542,Josh Rogers,BAL,LHP,40,2019,Low,40.0
543,Richard Lovelady,KCR,LHP,40,2019,Med,40.0
544,Miguel Gomez,SFG,3B,40,2019,Low,40.0
545,Alex Wells,BAL,LHP,40,2020,Low,20.0
546,Emmanuel Rivera,KCR,3B,40,2021,Med,13.333333333333334
547,Yasel Antuna,WSN,SS,40,2021,High,13.333333333333334
548,Sandro Fabian,SFG,RF,40,2021,High,13.333333333333334
549,Breyvic Valera,BAL,SS,40,2019,Low,40.0
550,Gabriel Cancel,KCR,2B,40,2021,Med,13.333333333333334
551,Tim Cate,WSN,LHP,40,2021,High,13.333333333333334
552,Diego Rincones,SFG,RF,40,2020,Med,20.0
553,D.J. Snelten,BAL,LHP,40,2019,Med,40.0
554,Josh Staumont,KCR,RHP,40,2019,Med,40.0
555,Anderson Franco,WSN,3B,40,2020,Med,20.0
556,Kelvin Beltre,SFG,3B,40,2021,Med,13.333333333333334
557,Chris Lee,BAL,LHP,40,2019,Low,40.0
558,Foster Griffin,KCR,LHP,40,2019,Low,40.0
559,Gage Canning,WSN,CF,40,2021,Med,13.333333333333334
560,Melvin Adon,SFG,RHP,40,2020,High,20.0
561,Scott Blewett,KCR,RHP,40,2020,Low,20.0
562,Telmito Agustin,WSN,LF,40,2020,Med,20.0
563,Meibrys Viloria,KCR,C,40,2021,Med,13.333333333333334
564,Andruw Monasterio,WSN,SS,40,2020,Low,20.0
565,Yefri Del Rosario,KCR,RHP,40,2022,High,10.0
566,KJ Harrison,WSN,C,40,2020,High,20.0
567,Evan Steele,KCR,LHP,40,2020,Med,20.0
568,Brigham Hill,WSN,RHP,40,2020,Med,20.0
569,Daniel Tillo,KCR,LHP,40,2021,Med,13.333333333333334
570,Jose Marmolejos,WSN,1B,40,2019,Low,40.0
571,Jonathan Bowlan,KCR,RHP,40,2021,Med,13.333333333333334
572,Osvaldo Abreu,WSN,3B,40,2019,Low,40.0
573,Carlos Hernandez,KCR,RHP,40,2022,Med,10.0
574,Zach Haake,KCR,RHP,40,2021,High,13.333333333333334
575,Marcus Wilson,ARI,CF,40,2020,Med,20.0
576,Matt Tabor,ARI,RHP,40,2022,High,10.0
577,Taylor Widener,ARI,RHP,40,2019,High,40.0
578,Taylor Clarke,ARI,RHP,40,2019,Low,40.0
579,Domingo Leyba,ARI,2B,40,2019,High,40.0
580,Carlos Cortes,NYM,LF,40,2021,Low,13.333333333333334
581,Alvin Guzman,ARI,CF,40,2024,High,6.666666666666667
582,Simeon Woods Richardson,NYM,RHP,40,2022,High,10.0
583,Blaze Alexander,ARI,SS,40,2022,High,10.0
584,Tony Dibrell,NYM,RHP,40,2020,Med,20.0
585,Eduardo Diaz,ARI,CF,40,2022,Med,10.0
586,Adrian Hernandez,NYM,RF,40,2022,High,10.0
587,Yoan Lopez,ARI,RHP,40,2019,Med,40.0
588,Christian James,NYM,RHP,40,2021,Med,13.333333333333334
589,Joey Krehbiel,ARI,RHP,40,2019,Low,40.0
590,Will Toffey,NYM,3B,40,2020,Low,20.0
591,Jared Miller,ARI,LHP,40,2019,Low,40.0
592,Bobby Wahl,NYM,RHP,40,2019,Med,40.0
593,Jimmie Sherfy,ARI,RHP,40,2019,Low,40.0
594,Tyler Frank,TBR,2B,40,2021,Low,13.333333333333334
595,Gerson Bautista,NYM,RHP,40,2019,Low,40.0
596,Andy Yerzy,ARI,C,40,2022,High,10.0
597,Alejandro Pie,TBR,SS,40,2024,High,6.666666666666667
598,Gavin Cecchini,NYM,2B,40,2019,Low,40.0
599,Jamie Westbrook,ARI,LF,40,2019,Med,40.0
600,Michael Mercado,TBR,RHP,40,2022,High,10.0
601,Jamie Callahan,NYM,RHP,40,2019,Low,40.0
602,Matt Mercer,ARI,RHP,40,2022,High,10.0
603,Austin Franklin,TBR,RHP,40,2021,High,13.333333333333334
604,Ryley Gilliam,NYM,RHP,40,2020,Med,20.0
605,Emilio Vargas,ARI,RHP,40,2020,High,20.0
606,Michael Perez,TBR,C,40,2019,Low,40.0
607,Michael Hermosillo,LAA,RF,40,2019,Low,40.0
608,Adam Hill,NYM,RHP,40,2021,Med,13.333333333333334
609,Nick Ciuffo,TBR,C,40,2020,Med,20.0
610,Taylor Ward,LAA,C,40,2019,Med,40.0
611,Jermaine Palacios,TBR,SS,40,2020,Med,20.0
612,Leonardo Rivas,LAA,2B,40,2020,Med,20.0
613,Taylor Walls,TBR,SS,40,2020,Med,20.0
614,Aaron Hernandez,LAA,RHP,40,2021,High,13.333333333333334
615,Moises Gomez,TBR,RF,40,2022,High,10.0
616,Ty Buttrey,LAA,RHP,40,2019,Med,40.0
617,Chih-Wei Hu,TBR,RHP,40,2019,Med,40.0
618,Patrick Sandoval,LAA,LHP,40,2021,Med,13.333333333333334
619,Curtis Taylor,TBR,RHP,40,2021,Med,13.333333333333334
620,Luis Pena,LAA,RHP,40,2019,High,40.0
621,Orlando Romero,TBR,RHP,40,2022,Med,10.0
622,William English,LAA,RHP,40,2023,High,8.0
623,Jaime Schultz,TBR,RHP,40,2019,Low,40.0
624,Jake Jewell,LAA,RHP,40,2019,High,40.0
625,Sandy Gaston,TBR,RHP,40,2023,High,8.0
626,Ian Gibaut,TBR,RHP,40,2019,Med,40.0
627,Brock Burke,TBR,LHP,40,2020,High,20.0
628,Braden Bishop,SEA,CF,40,2019,Med,40.0
629,Juan Querecuto,SEA,SS,40,2022,High,10.0
630,Cal Raleigh,SEA,C,40,2021,Med,13.333333333333334
631,Jonathan Guzman,PHI,SS,40,2022,High,10.0
632,Max Povse,SEA,RHP,40,2019,Low,40.0
633,Starlyn Castillo,PHI,RHP,40,2024,High,6.666666666666667
634,Nick Rumbelow,SEA,RHP,40,2019,Low,40.0
635,Simon Muzziotti,PHI,CF,40,2022,Med,10.0
636,Matthew Festa,SEA,RHP,40,2019,Low,40.0
637,Cole Irvin,PHI,LHP,40,2019,Low,40.0
638,Art Warren,SEA,RHP,40,2019,Low,40.0
639,Kevin Gowdy,PHI,RHP,40,2020,High,20.0
640,Wyatt Mills,SEA,RHP,40,2019,Low,40.0
641,Dylan Cozens,PHI,LF,40,2019,High,40.0
642,Joey Gerber,SEA,RHP,40,2021,Low,13.333333333333334
643,Tom Eshelman,PHI,RHP,40,2019,Low,40.0
644,Luis Liberato,SEA,CF,40,2020,High,20.0
645,Connor Seabold,PHI,RHP,40,2021,Low,13.333333333333334
646,Dan Vogelbach,SEA,1B,40,2019,Low,40.0
647,Colton Eastman,PHI,RHP,40,2022,Med,10.0
648,Jake Holmes,PHI,SS,40,2022,High,10.0
649,Walker Lockett,SDP,RHP,40,2019,Low,40.0
650,Dominic Pipkin,PHI,RHP,40,2023,High,8.0
651,Blake Hunt,SDP,C,40,2022,High,10.0
652,Drew Anderson,PHI,RHP,40,2019,Med,40.0
653,Jordy Barley,SDP,SS,40,2023,High,8.0
654,Eric Pardinho,TOR,RHP,40,2021,High,13.333333333333334
655,Grant Little,SDP,2B,40,2020,Low,20.0
656,Sean Reid-Foley,TOR,RHP,40,2019,High,40.0
657,Jorge Ona,SDP,LF,40,2019,Med,40.0
658,Thomas Pannone,TOR,LHP,40,2019,Low,40.0
659,Eguy Rosario,SDP,2B,40,2021,Med,13.333333333333334
660,Reese McGuire,TOR,C,40,2019,Low,40.0
661,Tucupita Marcano,SDP,SS,40,2022,Med,10.0
662,Orelvis Martinez,TOR,SS,40,2023,High,8.0
663,Austin Allen,SDP,C,40,2019,High,40.0
664,Leonardo Jimenez,TOR,SS,40,2023,High,8.0
665,Mason Thompson,SDP,RHP,40,2022,High,10.0
666,Miguel Hiraldo,TOR,3B,40,2022,Med,10.0
667,Michell Miliano,SDP,RHP,40,2023,High,8.0
668,Chavez Young,TOR,OF,40,2020,High,20.0
669,Nick Margevicius,SDP,LHP,40,2019,High,40.0
670,Rowdy Tellez,TOR,1B,40,2019,High,40.0
671,Brad Zunica,SDP,1B,40,2022,High,10.0
672,Chad Spanberger,TOR,1B,40,2021,High,13.333333333333334
673,Robert Stock,SDP,RHP,40,2019,Low,40.0
674,Yennsy Diaz,TOR,RHP,40,2020,Med,20.0
675,Andres Munoz,SDP,RHP,40,2020,High,20.0
676,Samad Taylor,TOR,2B,40,2022,High,10.0
677,Ronald Bolanos,SDP,RHP,40,2021,Med,13.333333333333334
678,Demi Orimoloye,TOR,RF,40,2021,High,13.333333333333334
679,Dylan Coleman,SDP,RHP,40,2022,High,10.0
680,Riley Adams,TOR,C,40,2021,High,13.333333333333334
681,Mason House,SDP,RF,40,2023,High,8.0
682,Hagen Danner,TOR,C,40,2023,High,8.0
683,Luis Almanzar,SDP,SS,40,2021,High,13.333333333333334
684,Zach Jackson,TOR,RHP,40,2019,Low,40.0
685,Brad Wieck,SDP,LHP,40,2019,Med,40.0
686,Jon Harris,TOR,RHP,40,2019,Low,40.0
687,Trey Wingenter,SDP,RHP,40,2019,Med,40.0
688,David Bednar,SDP,RHP,40,2019,Med,40.0
689,Brendon Davis,TEX,3B,40,2021,High,13.333333333333334
690,Max Schrock,STL,2B,40,2019,Low,40.0
691,Diomar Lopez,SDP,RHP,40,2022,Med,10.0
692,Jonathan Hernandez,TEX,RHP,40,2020,High,20.0
693,Randy Arozarena,STL,CF,40,2019,Med,40.0
694,Chris Seise,TEX,SS,40,2022,High,10.0
695,Evan Mendoza,STL,3B,40,2020,Med,20.0
696,Josh Morgan,TEX,2B,40,2020,Med,20.0
697,Dylan Carlson,STL,RF,40,2020,Med,20.0
698,Michael Matuella,TEX,RHP,40,2019,Med,40.0
699,Elehuris Montero,STL,3B,40,2021,Med,13.333333333333334
700,Brett Martin,TEX,LHP,40,2019,Med,40.0
701,Conner Capel,STL,CF,40,2021,High,13.333333333333334
702,Tyler Phillips,TEX,RHP,40,2021,High,13.333333333333334
703,Jhon Torres,STL,RF,40,2023,High,8.0
704,Keithron Moss,TEX,SS,40,2023,High,8.0
705,Junior Fernandez,STL,RHP,40,2019,High,40.0
706,Yerry Rodriguez,TEX,RHP,40,2022,High,10.0
707,Griffin Roberts,STL,RHP,40,2019,Med,40.0
708,Kyle Cody,TEX,RHP,40,2020,High,20.0
709,Seth Elledge,STL,RHP,40,2019,Low,40.0
710,Jose Trevino,TEX,C,40,2019,Low,40.0
711,Juan Yepez,STL,1B,40,2021,Med,13.333333333333334
712,Matt Whatley,TEX,C,40,2021,Med,13.333333333333334
713,Stephen Gingery,STL,LHP,40,2020,High,20.0
714,Connor Sadzeck,TEX,RHP,40,2019,Low,40.0
715,Nick Dunn,STL,2B,40,2020,Low,20.0
716,Jean Casanova,TEX,RHP,40,2021,Med,13.333333333333334
717,Delvin Perez,STL,SS,40,2021,High,13.333333333333334
718,A.J. Alexy,TEX,RHP,40,2022,High,10.0
719,Giovanny Gallegos,STL,RHP,40,2019,Low,40.0
720,Miguel Aparicio,TEX,CF,40,2021,Med,13.333333333333334
721,Genesis Cabrera,STL,LHP,40,2019,Med,40.0
722,C.D. Pelham,TEX,LHP,40,2019,High,40.0
723,Derian Gonzalez,STL,RHP,40,2019,Med,40.0
724,Demarcus Evans,TEX,RHP,40,2020,High,20.0
725,Connor Jones,STL,RHP,40,2019,Med,40.0
726,Wei-Chieh Huang,TEX,RHP,40,2019,Low,40.0
727,Daniel Poncedeleon,STL,RHP,40,2019,Med,40.0
728,Alex Speas,TEX,RHP,40,2022,High,10.0
729,Ryan Cordell,CHW,RF,40,2019,Med,40.0
730,Cristian Santana,LAD,3B,40,2021,High,13.333333333333334
731,Gavin Sheets,CHW,1B,40,2020,High,20.0
732,Matt Beaty,LAD,3B,40,2019,Low,40.0
733,Seby Zavala,CHW,C,40,2019,Med,40.0
734,Tim Locastro,LAD,LF,40,2019,Low,40.0
735,Tyler Johnson,CHW,RHP,40,2020,Med,20.0
736,Connor Joe,LAD,3B,40,2019,Med,40.0
737,A.J. Puckett,CHW,RHP,40,2020,Med,20.0
738,Drew Jackson,LAD,SS,40,2019,Low,40.0
739,Kodi Medeiros,CHW,LHP,40,2019,High,40.0
740,Robinson Ortiz,LAD,LHP,40,2023,Med,8.0
741,Jordan Stephens,CHW,RHP,40,2019,Med,40.0
742,Gerardo Carrillo,LAD,RHP,40,2022,High,10.0
743,Alex Call,CHW,RF,40,2020,Med,20.0
744,Josh Sborz,LAD,RHP,40,2019,Low,40.0
745,Jameson Fisher,CHW,LF,40,2019,Low,40.0
746,Danny Mendick,CHW,SS,40,2019,Low,40.0
747,Jason Bilous,CHW,RHP,40,2020,High,20.0
748,Bernardo Flores,CHW,LHP,40,2020,High,20.0
749,D.J. Wilson,CHC,CF,40,2020,High,20.0
750,Brennen Davis,CHC,CF,40,2023,High,8.0
751,Cole Roederer,CHC,CF,40,2022,Med,10.0
752,Alec Mills,CHC,RHP,40,2019,Low,40.0
753,Thomas Hatch,CHC,RHP,40,2019,Med,40.0
754,Christopher Morel,CHC,SS,40,2023,High,8.0
755,Seth Beer,HOU,DH,40,2021,Med,13.333333333333334
756,Nelson Velazquez,CHC,LF,40,2022,High,10.0
757,Reymin Guduan,HOU,LHP,40,2019,Low,40.0
758,Brailyn Marquez,CHC,LHP,40,2021,High,13.333333333333334
759,Riley Ferrell,HOU,RHP,40,2019,Med,40.0
760,Cory Abbott,CHC,RHP,40,2020,Low,20.0
761,Brandon Bailey,HOU,RHP,40,2019,Med,40.0
762,Wladimir Galindo,CHC,3B,40,2020,Med,20.0
763,Joe Perez,HOU,3B,40,2022,High,10.0
764,Michael Rucker,CHC,RHP,40,2019,Med,40.0
765,Dean Deetz,HOU,RHP,40,2019,Med,40.0
766,Tyson Miller,CHC,RHP,40,2020,Med,20.0
767,Framber Valdez,HOU,LHP,40,2019,Low,40.0
768,Bryan Hudson,CHC,LHP,40,2022,High,10.0
769,J.J. Matijevic,HOU,1B,40,2021,Med,13.333333333333334
770,Zack Short,CHC,SS,40,2019,Low,40.0
771,Jayson Schroeder,HOU,RHP,40,2023,High,8.0
772,Mark Zagunis,CHC,LF,40,2019,Low,40.0
773,Manny Ramirez,HOU,RHP,40,2023,High,8.0
774,Jason Vosler,CHC,3B,40,2019,Low,40.0
775,Jeremy Pena,HOU,SS,40,2022,Med,10.0
776,Keegan Thompson,CHC,LHP,40,2019,Med,40.0
777,Breiling Eusebio,COL,LHP,40,2021,High,13.333333333333334
778,Osvaldo Duarte,HOU,SS,40,2020,Med,20.0
779,Will Gaddis,COL,RHP,40,2020,Low,20.0
780,Jandel Gustave,HOU,RHP,40,2019,Med,40.0
781,Mitchell Kilkenny,COL,RHP,40,2021,Med,13.333333333333334
782,Bryan Abreu,HOU,RHP,40,2020,High,20.0
783,Robert Tyler,COL,RHP,40,2019,Med,40.0
784,Sam Hilliard,COL,RF,40,2020,Med,20.0
785,Vince Fernandez,COL,LF,40,2020,Med,20.0
786,Jordan Patterson,COL,LF,40,2019,Med,40.0
787,Terrin Vavra,COL,3B,40,2021,Med,13.333333333333334
788,Jason Foley,DET,RHP,40,2021,High,13.333333333333334
789,Dom Nunez,COL,C,40,2019,Med,40.0
790,Spencer Turnbull,DET,RHP,40,2019,Low,40.0
791,Daniel Montano,COL,CF,40,2022,Med,10.0
792,Reynaldo Rivera,DET,1B,40,2022,Med,10.0
793,Yonathan Daza,COL,CF,40,2019,Low,40.0
794,Logan Shore,DET,RHP,40,2019,Low,40.0
795,Sam Howard,COL,LHP,40,2019,Low,40.0
796,Gerson Moreno,DET,RHP,40,2019,Med,40.0
797,Tommy Doyle,COL,RHP,40,2019,Med,40.0
798,Sam McMillan,DET,C,40,2023,High,8.0
799,Ben Bowden,COL,LHP,40,2019,Med,40.0
800,Matt Hall,DET,LHP,40,2019,Low,40.0
801,Mario Feliciano,MIL,C,40,2021,High,13.333333333333334
802,Reid Humphreys,COL,RHP,40,2019,Med,40.0
803,Dustin Peterson,DET,LF,40,2019,Med,40.0
804,Joe Gray,MIL,RF,40,2023,High,8.0
805,Nolan Blackwood,DET,RHP,40,2019,Low,40.0
806,Caden Lemons,MIL,RHP,40,2022,High,10.0
807,Adinso Reyes,DET,3B,40,2024,High,6.666666666666667
808,Adrian Houser,MIL,RHP,40,2019,Med,40.0
809,Zack Brown,MIL,RHP,40,2019,High,40.0
810,Marcos Diplan,MIL,RHP,40,2019,High,40.0
811,Cody Ponce,MIL,RHP,40,2019,Med,40.0
812,Troy Stokes Jr.,MIL,LF,40,2019,Med,40.0
813,Jacob Nottingham,MIL,C,40,2019,High,40.0
814,Jake Gatewood,MIL,1B,40,2020,High,20.0
815,Larry Ernesto,MIL,RF,40,2023,High,8.0
816,Payton Henry,MIL,C,40,2022,High,10.0
817,Carlos Rodriguez,MIL,CF,40,2022,High,10.0
818,Jameson Hannah,OAK,CF,40,2021,Low,13.333333333333334
819,Eduardo Garcia,MIL,SS,40,2023,High,8.0
820,Micah Bello,MIL,CF,35,2022,Med,8.75
821,Je'Von Ward,MIL,RF,35,2023,High,7.0
822,Aaron Ashby,MIL,LHP,35,2021,Med,11.666666666666666
823,Eduarqui Fernandez,MIL,CF,35,2023,Med,7.0
824,Korry Howell,MIL,SS,35,2022,High,8.75
825,Ariel Hernandez,MIL,RHP,35,2019,High,35.0
826,Nick Iverson,MIL,RHP,35,2022,High,8.75
827,Alfonso Rivas,OAK,LF,35,2021,Med,11.666666666666666
828,Brian Howard,OAK,RHP,35,2019,Low,35.0
829,Parker Dunshee,OAK,RHP,35,2019,Low,35.0
830,Jose Mora,OAK,RHP,35,2021,,11.666666666666666
831,Richie Martin,OAK,SS,35,2019,,35.0
832,Yoendrys Gomez,NYY,RHP,35,2023,High,7.0
833,Pablo Olivares,NYY,CF,35,2021,High,11.666666666666666
834,Roberto Chirinos,NYY,SS,35,2022,High,8.75
835,Isiah Gilliam,NYY,LF,35,2020,High,17.5
836,Ricky De La Torre,MIN,SS,35,2022,High,8.75
837,Ben Heller,NYY,RHP,35,2019,High,35.0
838,Yeltsin Encarnacion,MIN,SS,35,2021,High,11.666666666666666
839,Deon Stafford,PIT,C,35,2020,Med,17.5
840,Juan Then,NYY,RHP,35,2022,High,8.75
841,Jordan Balazovic,MIN,RHP,35,2020,High,17.5
842,Grant Koch,PIT,C,35,2022,High,8.75
843,Luis Gil,NYY,RHP,35,2021,High,11.666666666666666
844,Jovani Moran,MIN,LHP,35,2019,High,35.0
845,Max Kranick,PIT,RHP,35,2022,High,8.75
846,Dalton Lehnen,NYY,LHP,35,2020,Low,17.5
847,John Curtiss,MIN,RHP,35,2019,Med,35.0
848,Jake Reed,MIN,RHP,35,2019,Med,35.0
849,Johan Quezada,MIN,RHP,35,2020,High,17.5
850,Ray-Patrick Didder,ATL,SS,35,2020,Med,17.5
851,Travis Demeritte,ATL,LF,35,2019,High,35.0
852,Derian Cruz,ATL,2B,35,2021,High,11.666666666666666
853,Chad Sobotka,ATL,RHP,35,2019,Med,35.0
854,Wes Parsons,ATL,RHP,35,2019,Low,35.0
855,CJ Alexander,ATL,3B,35,2021,Med,11.666666666666666
856,Nicholas Northcut,BOS,3B,35,2022,Med,8.75
857,Denyi Reyes,BOS,RHP,35,2021,High,11.666666666666666
858,Brett Netzer,BOS,2B,35,2020,Med,17.5
859,Lorenzo Cedrola,CIN,CF,35,2022,Med,8.75
860,Thad Ward,BOS,RHP,35,2021,High,11.666666666666666
861,Michael Beltre,CIN,CF,35,2020,Med,17.5
862,Kole Cottam,BOS,C,35,2021,High,11.666666666666666
863,James Marinan,CIN,RHP,35,2021,Med,11.666666666666666
864,Hendrik Clementina,CIN,C,35,2021,High,11.666666666666666
865,Packy Naughton,CIN,LHP,35,2021,Med,11.666666666666666
866,Aristides Aquino,CIN,RF,35,2019,High,35.0
867,Aneurys Zabala,CIN,RHP,35,2020,High,17.5
868,Jesus Reyes,CIN,RHP,35,2019,Low,35.0
869,Jonathan Lopez,CLE,3B,35,2023,Med,7.0
870,Alfredo Rodriguez,CIN,SS,35,2019,Med,35.0
871,James Karinchak,CLE,RHP,35,2020,High,17.5
872,Jonathan Willems,CIN,2B,35,2022,High,8.75
873,Juan Mota,CLE,RHP,35,2021,High,11.666666666666666
874,Edwin Yon,CIN,CF,35,2023,High,7.0
875,Mitch Longo,CLE,LF,35,2020,Med,17.5
876,Cash Case,CIN,2B,35,2022,High,8.75
877,Ernie Clement,CLE,SS,35,2021,Low,11.666666666666666
878,Oscar Gonzalez,CLE,CF,35,2021,High,11.666666666666666
879,Raynel Delgado,CLE,SS,35,2023,High,7.0
880,Johnathan Rodriguez,CLE,CF,35,2023,High,7.0
881,Jose Tena,CLE,SS,35,2024,High,5.833333333333333
882,Ynmanol Marinez,MIA,SS,35,2022,High,8.75
883,Austin Dean,MIA,LF,35,2019,Low,35.0
884,Albert Guaimaro,MIA,RF,35,2022,High,8.75
885,Tyler Kolek,MIA,RHP,35,2022,High,8.75
886,Nick Fortes,MIA,C,35,2021,High,11.666666666666666
887,Tyler Kinley,MIA,RHP,35,2019,Med,35.0
888,Preston Palmeiro,BAL,2B,35,2020,Med,17.5
889,Malique Ziegler,SFG,CF,35,2021,Med,11.666666666666666
890,Jomar Reyes,BAL,3B,35,2020,High,17.5
891,Juan Sanchez,SFG,LHP,35,2023,High,7.0
892,Bruce Zimmermann,BAL,LHP,35,2021,Med,11.666666666666666
893,Ricardo Genoves,SFG,C,35,2022,High,8.75
894,Cody Sedlock,BAL,RHP,35,2019,High,35.0
895,Jose Layer,SFG,RF,35,2022,High,8.75
896,Jalen Miller,SFG,2B,35,2020,Med,17.5
897,Tyler Herb,SFG,RHP,35,2019,Med,35.0
898,Reid Schaller,WSN,RHP,35,2020,High,17.5
899,Aaron Phillips,SFG,RHP,35,2021,High,11.666666666666666
900,Ronald Pena,WSN,RHP,35,2019,Med,35.0
901,Juan Carlos Negret,KCR,RF,35,2022,High,8.75
902,Elvis Luciano,KCR,RHP,35,2023,High,7.0
903,D.J. Burt,KCR,2B,35,2020,Med,17.5
904,Yohanse Morel,KCR,RHP,35,2024,High,5.833333333333333
905,Bubba Starling,KCR,CF,35,2019,Med,35.0
906,Brewer Hicklen,KCR,CF,35,2021,High,11.666666666666666
907,Janser Lara,KCR,RHP,35,2021,High,11.666666666666666
908,Arnaldo Hernandez,KCR,RHP,35,2019,Low,35.0
909,Charlie Neuweiler,KCR,RHP,35,2022,Med,8.75
910,Austin Cox,KCR,LHP,35,2020,High,17.5
911,Liover Peguero,ARI,SS,35,2024,High,5.833333333333333
912,Shervyen Newton,NYM,SS,35,2022,High,8.75
913,Geraldo Perdomo,ARI,SS,35,2023,High,7.0
914,Jhoan Urena,NYM,3B,35,2021,Med,11.666666666666666
915,Christian Walker,ARI,1B,35,2019,Med,35.0
916,Nick Meyer,NYM,C,35,2021,Med,11.666666666666666
917,Ryan Weiss,ARI,RHP,35,2021,Med,11.666666666666666
918,Luis Santana,NYM,2B,35,2022,Med,8.75
919,Justin Lewis,ARI,RHP,35,2021,Med,11.666666666666666
920,Bryce Montes de Oca,NYM,RHP,35,2019,High,35.0
921,Livan Soto,LAA,SS,35,2022,Med,8.75
922,D'Shawn Knowles,LAA,CF,35,2023,High,7.0
923,Kyle Bradish,LAA,RHP,35,2020,High,17.5
924,Ryan Boldt,TBR,CF,35,2020,Med,17.5
925,Alexander Ramirez,LAA,RF,35,2023,High,7.0
926,Matt Krook,TBR,LHP,35,2019,High,35.0
927,Jhonleider Salinas,TBR,RHP,35,2021,High,11.666666666666666
928,Taj Bradley,TBR,RHP,35,2023,High,7.0
929,Grant Witherspoon,TBR,RF,35,2021,Med,11.666666666666666
930,Chris Betts,TBR,C,35,2021,High,11.666666666666666
931,Josh Stowers,SEA,LF,35,2021,Med,11.666666666666666
932,Ariel Sandoval,SEA,RF,35,2020,Med,17.5
933,Ivan Fortunato,SEA,RHP,35,2022,Med,8.75
934,Michael Plassmeyer,SEA,LHP,35,2020,Med,17.5
935,Kyle Young,PHI,LHP,35,2021,High,11.666666666666666
936,Joe Rizzo,SEA,3B,35,2020,Low,17.5
937,Jose Pujols,PHI,RF,35,2021,High,11.666666666666666
938,Manuel Silva,PHI,LHP,35,2022,High,8.75
939,Logan Simmons,PHI,SS,35,2024,High,5.833333333333333
940,Ramon Rosso,PHI,RHP,35,2020,Med,17.5
941,Jose Taveras,PHI,RHP,35,2019,Med,35.0
942,Rafael Marchan,PHI,CF,35,2022,High,8.75
943,Sean Wymer,TOR,RHP,35,2020,Low,17.5
944,Justin Maese,TOR,RHP,35,2020,High,17.5
945,Kevin Vicuna,TOR,SS,35,2021,Med,11.666666666666666
946,Cristian Heredia,SDP,CF,35,2023,High,7.0
947,Ryan Noda,TOR,1B,35,2021,Med,11.666666666666666
948,Sean Guilbe,SDP,SS,35,2023,High,7.0
949,Otto Lopez,TOR,SS,35,2022,Med,8.75
950,Jawuan Harris,SDP,CF,35,2022,High,8.75
951,Luken Baker,STL,1B,35,2021,High,11.666666666666666
952,Jayce Easley,TEX,SS,35,2023,High,7.0
953,Lars Nootbaar,STL,1B,35,2021,High,11.666666666666666
954,Ariel Jurado,TEX,RHP,35,2019,Low,35.0
955,Ivan Herrera,STL,C,35,2023,High,7.0
956,Frainyer Chavez,TEX,SS,35,2021,Med,11.666666666666666
957,Jose Rodriguez,TEX,C,35,2024,High,5.833333333333333
958,Michael Grove,LAD,RHP,35,2022,High,8.75
959,Miguel Vargas,LAD,3B,35,2022,Med,8.75
960,Ronny Brito,LAD,2B,35,2022,High,8.75
961,Leonel Valera,LAD,SS,35,2023,High,7.0
962,Luis Curbelo,CHW,3B,35,2021,High,11.666666666666666
963,Jacob Amaya,LAD,SS,35,2022,Med,8.75
964,Yordi Rosario,CHW,RHP,35,2022,High,8.75
965,John Rooney,LAD,LHP,35,2020,Med,17.5
966,Braydon Fisher,LAD,RHP,35,2023,High,7.0
967,Jerming Rosario,LAD,RHP,35,2024,High,5.833333333333333
968,Luis Verdugo,CHC,SS,35,2023,High,7.0
969,Jose Paulino,CHC,LHP,35,2019,High,35.0
970,Eddy Martinez,CHC,CF,35,2019,Med,35.0
971,Carlos Sanabria,HOU,RHP,35,2020,High,17.5
972,Fernando Kelli,CHC,CF,35,2023,Med,7.0
973,Cristian Javier,HOU,RHP,35,2020,High,17.5
974,Erich Uelmen,CHC,RHP,35,2020,Med,17.5
975,Deury Carrasco,HOU,SS,35,2023,High,7.0
976,Peter Solomon,HOU,RHP,35,2020,Med,17.5
977,Cody Deason,HOU,RHP,35,2020,Med,17.5
978,Alex McKenna,HOU,CF,35,2021,Med,11.666666666666666
979,Brandon Bielak,HOU,RHP,35,2020,Med,17.5
980,Kit Scheetz,HOU,RHP,35,2019,Low,35.0
981,Enoli Paredes,HOU,RHP,35,2020,High,17.5
982,Ryan Feltner,COL,RHP,35,2021,High,11.666666666666666
983,Cristopher Navarro,COL,SS,35,2022,Med,8.75
984,Fadriel Cruz,COL,2B,35,2024,High,5.833333333333333
985,Kody Clemens,DET,2B,35,2021,Med,11.666666666666666
986,Yolki Pena,COL,CF,35,2024,High,5.833333333333333
987,Alvaro Gonzalez,DET,SS,35,2023,High,7.0
988,Adam Wolf,DET,LHP,35,2021,Low,11.666666666666666
